[{"id_stacji":"12295","stacja":"Bia\u0142ystok","data_pomiaru":"2021-07-29","godzina_pomiaru":"7","temperatura":"19.5","predkosc_wiatru":"1","kierunek_wiatru":"230","wilgotnosc_wzgledna":"93.8","suma_opadu":"1","cisnienie":"1009.8"},{"id_stacji":"12600","stacja":"Bielsko Bia\u0142a","data_pomiaru":"2021-07-29","godzina_pomiaru":"7","temperatura":"20.2","predkosc_wiatru":"3","kierunek_wiatru":"270","wilgotnosc_wzgledna":"77.3","suma_opadu":"6.7","cisnienie":"1014.5"},{"id_stacji":"12235","stacja":"Chojnice","data_pomiaru":"2021-07-29","godzina_pomiaru":"7","temperatura":"20.4","predkosc_wiatru":"5","kierunek_wiatru":"260","wilgotnosc_wzgledna":"68.3","suma_opadu":"0","cisnienie":"1009.9"},{"id_stacji":"12550","stacja":"Cz\u0119stochowa","data_pomiaru":"2021-07-29","godzina_pomiaru":"7","temperatura":"20.8","predkosc_wiatru":"2","kierunek_wiatru":"260","wilgotnosc_wzgledna":"73.5","suma_opadu":"1.6","cisnienie":"1013.7"},{"id_stacji":"12160","stacja":"Elbl\u0105g","data_pomiaru":"2021-07-29","godzina_pomiaru":"7","temperatura":"19.8","predkosc_wiatru":"4","kierunek_wiatru":"220","wilgotnosc_wzgledna":"77.8","suma_opadu":"8.1","cisnienie":"1009.1"},{"id_stacji":"12155","stacja":"Gda\u0144sk","data_pomiaru":"2021-07-29","godzina_pomiaru":"7","temperatura":"21.9","predkosc_wiatru":"2","kierunek_wiatru":"210","wilgotnosc_wzgledna":"69.5","suma_opadu":"6.7","cisnienie":"1008.9"},{"id_stacji":"12300","stacja":"Gorz\u00f3w","data_pomiaru":"2021-07-29","godzina_pomiaru":"7","temperatura":"20.5","predkosc_wiatru":"3","kierunek_wiatru":"250","wilgotnosc_wzgledna":"74.4","suma_opadu":"0.01","cisnienie":"1011"},{"id_stacji":"12135","stacja":"Hel","data_pomiaru":"2021-07-29","godzina_pomiaru":"7","temperatura":"21.2","predkosc_wiatru":"4","kierunek_wiatru":"230","wilgotnosc_wzgledna":"72.6","suma_opadu":"0.01","cisnienie":"1008.3"},{"id_stacji":"12500","stacja":"Jelenia G\u00f3ra","data_pomiaru":"2021-07-29","godzina_pomiaru":"7","temperatura":"20.2","predkosc_wiatru":"2","kierunek_wiatru":"280","wilgotnosc_wzgledna":"72.5","suma_opadu":"0.1","cisnienie":"1013.6"},{"id_stacji":"12435","stacja":"Kalisz","data_pomiaru":"2021-07-29","godzina_pomiaru":"7","temperatura":"20.6","predkosc_wiatru":"6","kierunek_wiatru":"240","wilgotnosc_wzgledna":"72.5","suma_opadu":"1.7","cisnienie":"1012.6"},{"id_stacji":"12650","stacja":"Kasprowy Wierch","data_pomiaru":"2021-07-29","godzina_pomiaru":"7","temperatura":"10.7","predkosc_wiatru":"1","kierunek_wiatru":"310","wilgotnosc_wzgledna":"98.0","suma_opadu":"1.3","cisnienie":null},{"id_stacji":"12560","stacja":"Katowice","data_pomiaru":"2021-07-29","godzina_pomiaru":"7","temperatura":"20.3","predkosc_wiatru":"3","kierunek_wiatru":"230","wilgotnosc_wzgledna":"75.4","suma_opadu":"8.1","cisnienie":"1014.3"},{"id_stacji":"12185","stacja":"K\u0119trzyn","data_pomiaru":"2021-07-29","godzina_pomiaru":"7","temperatura":"22.7","predkosc_wiatru":"3","kierunek_wiatru":"270","wilgotnosc_wzgledna":"75.2","suma_opadu":"6.1","cisnienie":"1009.2"},{"id_stacji":"12570","stacja":"Kielce","data_pomiaru":"2021-07-29","godzina_pomiaru":"7","temperatura":"21.3","predkosc_wiatru":"3","kierunek_wiatru":"280","wilgotnosc_wzgledna":"66.3","suma_opadu":"0.8","cisnienie":"1013.2"},{"id_stacji":"12520","stacja":"K\u0142odzko","data_pomiaru":"2021-07-29","godzina_pomiaru":"7","temperatura":"20.2","predkosc_wiatru":"4","kierunek_wiatru":"270","wilgotnosc_wzgledna":"71.5","suma_opadu":"1.2","cisnienie":"1014.4"},{"id_stacji":"12345","stacja":"Ko\u0142o","data_pomiaru":"2021-07-29","godzina_pomiaru":"7","temperatura":"21.3","predkosc_wiatru":"3","kierunek_wiatru":"99","wilgotnosc_wzgledna":"63.7","suma_opadu":"0.5","cisnienie":"1011.4"},{"id_stacji":"12100","stacja":"Ko\u0142obrzeg","data_pomiaru":"2021-07-29","godzina_pomiaru":"7","temperatura":"20.7","predkosc_wiatru":"3","kierunek_wiatru":"230","wilgotnosc_wzgledna":"64.5","suma_opadu":"0.2","cisnienie":"1008.7"},{"id_stacji":"12105","stacja":"Koszalin","data_pomiaru":"2021-07-29","godzina_pomiaru":"7","temperatura":"20.7","predkosc_wiatru":"3","kierunek_wiatru":"230","wilgotnosc_wzgledna":"66.2","suma_opadu":"0.01","cisnienie":"1008.8"},{"id_stacji":"12488","stacja":"Kozienice","data_pomiaru":"2021-07-29","godzina_pomiaru":"7","temperatura":"20.9","predkosc_wiatru":"2","kierunek_wiatru":"260","wilgotnosc_wzgledna":"75.5","suma_opadu":"1.1","cisnienie":"1012"},{"id_stacji":"12566","stacja":"Krak\u00f3w","data_pomiaru":"2021-07-29","godzina_pomiaru":"7","temperatura":"21","predkosc_wiatru":"3","kierunek_wiatru":"230","wilgotnosc_wzgledna":"80.5","suma_opadu":"2.9","cisnienie":"1014.4"},{"id_stacji":"12670","stacja":"Krosno","data_pomiaru":"2021-07-29","godzina_pomiaru":"7","temperatura":"19.2","predkosc_wiatru":"4","kierunek_wiatru":"290","wilgotnosc_wzgledna":"83.5","suma_opadu":"0.3","cisnienie":"1013.9"},{"id_stacji":"12415","stacja":"Legnica","data_pomiaru":"2021-07-29","godzina_pomiaru":"7","temperatura":"22.2","predkosc_wiatru":"4","kierunek_wiatru":"230","wilgotnosc_wzgledna":"61.4","suma_opadu":"0.01","cisnienie":"1013"},{"id_stacji":"12690","stacja":"Lesko","data_pomiaru":"2021-07-29","godzina_pomiaru":"7","temperatura":"19","predkosc_wiatru":"3","kierunek_wiatru":"300","wilgotnosc_wzgledna":"89.7","suma_opadu":"0","cisnienie":"1013.6"},{"id_stacji":"12418","stacja":"Leszno","data_pomiaru":"2021-07-29","godzina_pomiaru":"7","temperatura":"20.6","predkosc_wiatru":"4","kierunek_wiatru":"240","wilgotnosc_wzgledna":"72.5","suma_opadu":"0.1","cisnienie":"1012.4"},{"id_stacji":"12125","stacja":"L\u0119bork","data_pomiaru":"2021-07-29","godzina_pomiaru":"7","temperatura":"21.4","predkosc_wiatru":"3","kierunek_wiatru":"220","wilgotnosc_wzgledna":"68.5","suma_opadu":"0.1","cisnienie":"1008"},{"id_stacji":"12495","stacja":"Lublin","data_pomiaru":"2021-07-29","godzina_pomiaru":"7","temperatura":"20.9","predkosc_wiatru":"5","kierunek_wiatru":"310","wilgotnosc_wzgledna":"75.5","suma_opadu":"0.8","cisnienie":"1012"},{"id_stacji":"12120","stacja":"\u0141eba","data_pomiaru":"2021-07-29","godzina_pomiaru":"7","temperatura":"21.3","predkosc_wiatru":"6","kierunek_wiatru":"230","wilgotnosc_wzgledna":"71.2","suma_opadu":"0.01","cisnienie":"1007.9"},{"id_stacji":"12465","stacja":"\u0141\u00f3d\u017a","data_pomiaru":"2021-07-29","godzina_pomiaru":"7","temperatura":"20.7","predkosc_wiatru":"3","kierunek_wiatru":"240","wilgotnosc_wzgledna":"79.4","suma_opadu":"4.9","cisnienie":"1012.5"},{"id_stacji":"12280","stacja":"Miko\u0142ajki","data_pomiaru":"2021-07-29","godzina_pomiaru":"7","temperatura":"22.1","predkosc_wiatru":"2","kierunek_wiatru":"310","wilgotnosc_wzgledna":"77.6","suma_opadu":"16.2","cisnienie":"1009.4"},{"id_stacji":"12270","stacja":"M\u0142awa","data_pomiaru":"2021-07-29","godzina_pomiaru":"7","temperatura":"21.5","predkosc_wiatru":"3","kierunek_wiatru":"270","wilgotnosc_wzgledna":"74.6","suma_opadu":"12.9","cisnienie":"1010.3"},{"id_stacji":"12660","stacja":"Nowy S\u0105cz","data_pomiaru":"2021-07-29","godzina_pomiaru":"7","temperatura":"19.7","predkosc_wiatru":"3","kierunek_wiatru":"320","wilgotnosc_wzgledna":"83.6","suma_opadu":"4.1","cisnienie":"1014.3"},{"id_stacji":"12272","stacja":"Olsztyn","data_pomiaru":"2021-07-29","godzina_pomiaru":"7","temperatura":"21.9","predkosc_wiatru":"3","kierunek_wiatru":"240","wilgotnosc_wzgledna":"72.2","suma_opadu":"3.5","cisnienie":"1009.7"},{"id_stacji":"12530","stacja":"Opole","data_pomiaru":"2021-07-29","godzina_pomiaru":"7","temperatura":"21.4","predkosc_wiatru":"2","kierunek_wiatru":"220","wilgotnosc_wzgledna":"65.4","suma_opadu":"3.4","cisnienie":"1013.4"},{"id_stacji":"12285","stacja":"Ostro\u0142\u0119ka","data_pomiaru":"2021-07-29","godzina_pomiaru":"7","temperatura":"22.3","predkosc_wiatru":"2","kierunek_wiatru":"99","wilgotnosc_wzgledna":"77.6","suma_opadu":"9.1","cisnienie":"1010.2"},{"id_stacji":"12230","stacja":"Pi\u0142a","data_pomiaru":"2021-07-29","godzina_pomiaru":"7","temperatura":"21.1","predkosc_wiatru":"3","kierunek_wiatru":"260","wilgotnosc_wzgledna":"67.6","suma_opadu":"0.01","cisnienie":"1010.4"},{"id_stacji":"12001","stacja":"Platforma","data_pomiaru":"2021-07-29","godzina_pomiaru":"7","temperatura":"20.3","predkosc_wiatru":"10","kierunek_wiatru":"240","wilgotnosc_wzgledna":"75.4","suma_opadu":"0","cisnienie":"1006.7"},{"id_stacji":"12360","stacja":"P\u0142ock","data_pomiaru":"2021-07-29","godzina_pomiaru":"7","temperatura":"21.5","predkosc_wiatru":"4","kierunek_wiatru":"240","wilgotnosc_wzgledna":"66.3","suma_opadu":"0.4","cisnienie":"1011"},{"id_stacji":"12330","stacja":"Pozna\u0144","data_pomiaru":"2021-07-29","godzina_pomiaru":"7","temperatura":"20.4","predkosc_wiatru":"5","kierunek_wiatru":"240","wilgotnosc_wzgledna":"75.4","suma_opadu":"0.4","cisnienie":"1011.6"},{"id_stacji":"12695","stacja":"Przemy\u015bl","data_pomiaru":"2021-07-29","godzina_pomiaru":"7","temperatura":"21","predkosc_wiatru":"2","kierunek_wiatru":"99","wilgotnosc_wzgledna":"82.6","suma_opadu":"0.5","cisnienie":"1013.3"},{"id_stacji":"12540","stacja":"Racib\u00f3rz","data_pomiaru":"2021-07-29","godzina_pomiaru":"7","temperatura":"21.3","predkosc_wiatru":"1","kierunek_wiatru":"260","wilgotnosc_wzgledna":"70.3","suma_opadu":"28.9","cisnienie":"1014.2"},{"id_stacji":"12210","stacja":"Resko","data_pomiaru":"2021-07-29","godzina_pomiaru":"7","temperatura":"20.7","predkosc_wiatru":"4","kierunek_wiatru":"230","wilgotnosc_wzgledna":"61.5","suma_opadu":"0.01","cisnienie":"1009.4"},{"id_stacji":"12580","stacja":"Rzesz\u00f3w","data_pomiaru":"2021-07-29","godzina_pomiaru":"7","temperatura":"21.4","predkosc_wiatru":"5","kierunek_wiatru":"290","wilgotnosc_wzgledna":"75.5","suma_opadu":"2.4","cisnienie":"1013.2"},{"id_stacji":"12585","stacja":"Sandomierz","data_pomiaru":"2021-07-29","godzina_pomiaru":"7","temperatura":"20.3","predkosc_wiatru":"4","kierunek_wiatru":"310","wilgotnosc_wzgledna":"72.5","suma_opadu":"2.7","cisnienie":"1013.9"},{"id_stacji":"12385","stacja":"Siedlce","data_pomiaru":"2021-07-29","godzina_pomiaru":"7","temperatura":"21.8","predkosc_wiatru":"3","kierunek_wiatru":"290","wilgotnosc_wzgledna":"79.6","suma_opadu":"3.4","cisnienie":"1010.9"},{"id_stacji":"12310","stacja":"S\u0142ubice","data_pomiaru":"2021-07-29","godzina_pomiaru":"7","temperatura":"20.2","predkosc_wiatru":"4","kierunek_wiatru":"250","wilgotnosc_wzgledna":"66.5","suma_opadu":"0.01","cisnienie":"1011.5"},{"id_stacji":"12469","stacja":"Sulej\u00f3w","data_pomiaru":"2021-07-29","godzina_pomiaru":"7","temperatura":"21.1","predkosc_wiatru":"4","kierunek_wiatru":"260","wilgotnosc_wzgledna":"74.5","suma_opadu":"1.7","cisnienie":"1012.8"},{"id_stacji":"12195","stacja":"Suwa\u0142ki","data_pomiaru":"2021-07-29","godzina_pomiaru":"7","temperatura":"19.7","predkosc_wiatru":"3","kierunek_wiatru":"240","wilgotnosc_wzgledna":"93.8","suma_opadu":"35","cisnienie":"1009.1"},{"id_stacji":"12205","stacja":"Szczecin","data_pomiaru":"2021-07-29","godzina_pomiaru":"7","temperatura":"19.8","predkosc_wiatru":"3","kierunek_wiatru":"220","wilgotnosc_wzgledna":"71.5","suma_opadu":"0","cisnienie":"1009.8"},{"id_stacji":"12215","stacja":"Szczecinek","data_pomiaru":"2021-07-29","godzina_pomiaru":"7","temperatura":"20.1","predkosc_wiatru":"3","kierunek_wiatru":"99","wilgotnosc_wzgledna":"70.1","suma_opadu":"0","cisnienie":"1009.7"},{"id_stacji":"12510","stacja":"\u015anie\u017cka","data_pomiaru":"2021-07-29","godzina_pomiaru":"7","temperatura":"8.5","predkosc_wiatru":"5","kierunek_wiatru":"270","wilgotnosc_wzgledna":"100.0","suma_opadu":"0.1","cisnienie":null},{"id_stacji":"12200","stacja":"\u015awinouj\u015bcie","data_pomiaru":"2021-07-29","godzina_pomiaru":"7","temperatura":"20.9","predkosc_wiatru":"5","kierunek_wiatru":"220","wilgotnosc_wzgledna":"63.2","suma_opadu":"1","cisnienie":"1008.4"},{"id_stacji":"12575","stacja":"Tarn\u00f3w","data_pomiaru":"2021-07-29","godzina_pomiaru":"7","temperatura":"20.4","predkosc_wiatru":"2","kierunek_wiatru":"280","wilgotnosc_wzgledna":"78.4","suma_opadu":"3","cisnienie":"1014"},{"id_stacji":"12399","stacja":"Terespol","data_pomiaru":"2021-07-29","godzina_pomiaru":"7","temperatura":"21","predkosc_wiatru":"2","kierunek_wiatru":"260","wilgotnosc_wzgledna":"89.8","suma_opadu":"2.2","cisnienie":"1010.4"},{"id_stacji":"12250","stacja":"Toru\u0144","data_pomiaru":"2021-07-29","godzina_pomiaru":"7","temperatura":"21.2","predkosc_wiatru":"3","kierunek_wiatru":"220","wilgotnosc_wzgledna":"72.6","suma_opadu":"0.7","cisnienie":"1010.5"},{"id_stacji":"12115","stacja":"Ustka","data_pomiaru":"2021-07-29","godzina_pomiaru":"7","temperatura":"20.4","predkosc_wiatru":"5","kierunek_wiatru":"210","wilgotnosc_wzgledna":"71.6","suma_opadu":"0.4","cisnienie":"1008.4"},{"id_stacji":"12375","stacja":"Warszawa","data_pomiaru":"2021-07-29","godzina_pomiaru":"7","temperatura":"20.9","predkosc_wiatru":"4","kierunek_wiatru":"270","wilgotnosc_wzgledna":"75.5","suma_opadu":"9.8","cisnienie":"1011.6"},{"id_stacji":"12455","stacja":"Wielu\u0144","data_pomiaru":"2021-07-29","godzina_pomiaru":"7","temperatura":"20.4","predkosc_wiatru":"4","kierunek_wiatru":"270","wilgotnosc_wzgledna":"76.4","suma_opadu":"0.9","cisnienie":"1013.5"},{"id_stacji":"12497","stacja":"W\u0142odawa","data_pomiaru":"2021-07-29","godzina_pomiaru":"7","temperatura":"21.3","predkosc_wiatru":"5","kierunek_wiatru":"270","wilgotnosc_wzgledna":"83.7","suma_opadu":"1.1","cisnienie":"1010.6"},{"id_stacji":"12424","stacja":"Wroc\u0142aw","data_pomiaru":"2021-07-29","godzina_pomiaru":"7","temperatura":"21.4","predkosc_wiatru":"3","kierunek_wiatru":"230","wilgotnosc_wzgledna":"73.6","suma_opadu":"0.7","cisnienie":"1013.3"},{"id_stacji":"12625","stacja":"Zakopane","data_pomiaru":"2021-07-29","godzina_pomiaru":"7","temperatura":"15","predkosc_wiatru":"1","kierunek_wiatru":"310","wilgotnosc_wzgledna":"90.0","suma_opadu":"3","cisnienie":null},{"id_stacji":"12595","stacja":"Zamo\u015b\u0107","data_pomiaru":"2021-07-29","godzina_pomiaru":"7","temperatura":"20.2","predkosc_wiatru":"4","kierunek_wiatru":"270","wilgotnosc_wzgledna":"95.0","suma_opadu":"4.7","cisnienie":"1012.1"},{"id_stacji":"12400","stacja":"Zielona G\u00f3ra","data_pomiaru":"2021-07-29","godzina_pomiaru":"7","temperatura":"20","predkosc_wiatru":"4","kierunek_wiatru":"240","wilgotnosc_wzgledna":"71.5","suma_opadu":"0.2","cisnienie":"1012.1"}]